Country,IndustryCode,alpha_k
AUS,A01,.85958254
AUS,A02,.75205672
AUS,A03,.76010913
AUS,B,.73699743
AUS,C10-C12,.80172926
AUS,C13-C15,.65901059
AUS,C16,.73313063
AUS,C17,.78581691
AUS,C18,.72057235
AUS,C19,.90128821
AUS,C20,.77058703
AUS,C21,.75981742
AUS,C22,.71770114
AUS,C23,.75261146
AUS,C24,.93091977
AUS,C25,.72346997
AUS,C26,.45370007
AUS,C27,.73242694
AUS,C28,.74521273
AUS,C29,.85085857
AUS,C30,.76718998
AUS,C31_C32,.73004037
AUS,C33,
AUS,D35,.84213734
AUS,E36,.66172916
AUS,E37-E39,.45940655
AUS,F,.80989403
AUS,G45,.67210025
AUS,G46,.62721992
AUS,G47,.49796468
AUS,H49,.72021109
AUS,H50,.73117375
AUS,H51,.84098375
AUS,H52,.63584143
AUS,H53,.73551548
AUS,I,.62632889
AUS,J58,.63929838
AUS,J59_J60,.77782917
AUS,J61,.78646612
AUS,J62_J63,.69065458
AUS,K64,.44527271
AUS,K65,.82983655
AUS,K66,.70957214
AUS,L68,.82964075
AUS,M69_M70,.60912573
AUS,M71,
AUS,M72,
AUS,M73,
AUS,M74_M75,
AUS,N,.5438239
AUS,O84,.44670677
AUS,P85,.27390671
AUS,Q,.29492322
AUS,R_S,.69540954
AUS,T,.105198
AUS,U,
AUT,A01,.9121049
AUT,A02,.83732891
AUT,A03,.93469387
AUT,B,.76951528
AUT,C10-C12,.84393281
AUT,C13-C15,.76213801
AUT,C16,.82602882
AUT,C17,.82070106
AUT,C18,.74013799
AUT,C19,.97806001
AUT,C20,.91121173
AUT,C21,.72569144
AUT,C22,.73363924
AUT,C23,.72755182
AUT,C24,.84195977
AUT,C25,.72164601
AUT,C26,.68627125
AUT,C27,.70658904
AUT,C28,.75457656
AUT,C29,.86554027
AUT,C30,.80726105
AUT,C31_C32,.72476161
AUT,C33,.69400948
AUT,D35,.8660962
AUT,E36,.75492167
AUT,E37-E39,.80586833
AUT,F,.7233116
AUT,G45,.60017234
AUT,G46,.58525014
AUT,G47,.50002986
AUT,H49,.65225393
AUT,H50,.80900246
AUT,H51,.87521189
AUT,H52,.6002602
AUT,H53,.54359174
AUT,I,.56748366
AUT,J58,.70743209
AUT,J59_J60,.72058886
AUT,J61,.76973695
AUT,J62_J63,.59797263
AUT,K64,.56205541
AUT,K65,.66354996
AUT,K66,.78332353
AUT,L68,.88786799
AUT,M69_M70,.60841453
AUT,M71,.6031009
AUT,M72,.53983355
AUT,M73,.80811155
AUT,M74_M75,.71419609
AUT,N,.52659029
AUT,O84,.39658397
AUT,P85,.22072482
AUT,Q,.39685518
AUT,R_S,.493615
AUT,T,0
AUT,U,
BEL,A01,.93097293
BEL,A02,.92101389
BEL,A03,.66666669
BEL,B,.74420404
BEL,C10-C12,.87166482
BEL,C13-C15,.78759235
BEL,C16,.82186037
BEL,C17,.83996117
BEL,C18,.74277353
BEL,C19,.98298955
BEL,C20,.8630299
BEL,C21,.78372157
BEL,C22,.72707421
BEL,C23,.75328505
BEL,C24,.88011289
BEL,C25,.73932421
BEL,C26,.71577686
BEL,C27,.70404124
BEL,C28,.73327994
BEL,C29,.85083514
BEL,C30,.71940386
BEL,C31_C32,.73056829
BEL,C33,.65933555
BEL,D35,.80450565
BEL,E36,.70426154
BEL,E37-E39,.81736225
BEL,F,.82319164
BEL,G45,.61189938
BEL,G46,.67799819
BEL,G47,.55431944
BEL,H49,.65424371
BEL,H50,.89427161
BEL,H51,.86909419
BEL,H52,.73161566
BEL,H53,.52034706
BEL,I,.70715165
BEL,J58,.72293139
BEL,J59_J60,.72473603
BEL,J61,.7682181
BEL,J62_J63,.63133985
BEL,K64,.65444165
BEL,K65,.7312752
BEL,K66,.68867475
BEL,L68,.93807471
BEL,M69_M70,.7791602
BEL,M71,.72251868
BEL,M72,.61395741
BEL,M73,.8364495
BEL,M74_M75,.85198575
BEL,N,.55425555
BEL,O84,.28735876
BEL,P85,.16474771
BEL,Q,.47241884
BEL,R_S,.67239356
BEL,T,0
BEL,U,
BGR,A01,.88432902
BGR,A02,.65946245
BGR,A03,.81205672
BGR,B,.57648665
BGR,C10-C12,.87042505
BGR,C13-C15,.72357434
BGR,C16,.83690202
BGR,C17,.90169406
BGR,C18,.83724976
BGR,C19,.98363048
BGR,C20,.86220253
BGR,C21,.80880457
BGR,C22,.85664982
BGR,C23,.85127145
BGR,C24,.97480386
BGR,C25,.75488424
BGR,C26,.74307513
BGR,C27,.86868399
BGR,C28,.80693251
BGR,C29,.85332859
BGR,C30,.86835134
BGR,C31_C32,.78158206
BGR,C33,.6405139
BGR,D35,.84273148
BGR,E36,.512685
BGR,E37-E39,.72230804
BGR,F,.88841873
BGR,G45,.65041459
BGR,G46,.75021261
BGR,G47,.58224988
BGR,H49,.85731381
BGR,H50,.45986071
BGR,H51,.89707917
BGR,H52,.77590543
BGR,H53,.6545319
BGR,I,.58688158
BGR,J58,.6101892
BGR,J59_J60,.58117181
BGR,J61,.68432146
BGR,J62_J63,.50044119
BGR,K64,.47709358
BGR,K65,.87096775
BGR,K66,.59809929
BGR,L68,.87362057
BGR,M69_M70,.63755137
BGR,M71,.71064037
BGR,M72,.5462392
BGR,M73,.81573701
BGR,M74_M75,.65431774
BGR,N,.65583986
BGR,O84,.28068963
BGR,P85,.297001
BGR,Q,.48080933
BGR,R_S,.79000401
BGR,T,
BGR,U,
BRA,A01,.78871453
BRA,A02,.77752507
BRA,A03,.77752501
BRA,B,.75735217
BRA,C10-C12,.87039453
BRA,C13-C15,.71808642
BRA,C16,.72159785
BRA,C17,.82296157
BRA,C18,.69634426
BRA,C19,.98098451
BRA,C20,.88099295
BRA,C21,.73916191
BRA,C22,.78043902
BRA,C23,.75373369
BRA,C24,.864483
BRA,C25,.71983331
BRA,C26,.87257552
BRA,C27,.79423404
BRA,C28,.76485503
BRA,C29,.85084194
BRA,C30,.76636201
BRA,C31_C32,.72548211
BRA,C33,
BRA,D35,.88773811
BRA,E36,.57312131
BRA,E37-E39,
BRA,F,.73054206
BRA,G45,.57793725
BRA,G46,.52255052
BRA,G47,.52255052
BRA,H49,.6934154
BRA,H50,.70210934
BRA,H51,.80914134
BRA,H52,.5420987
BRA,H53,
BRA,I,.68035007
BRA,J58,.66257554
BRA,J59_J60,.69918978
BRA,J61,.8593362
BRA,J62_J63,.46289599
BRA,K64,.62357122
BRA,K65,
BRA,K66,
BRA,L68,.8693397
BRA,M69_M70,.53336686
BRA,M71,.55143458
BRA,M72,.84162819
BRA,M73,
BRA,M74_M75,
BRA,N,.39236456
BRA,O84,.32728696
BRA,P85,.23292941
BRA,Q,.43461499
BRA,R_S,.64247912
BRA,T,0
BRA,U,
CAN,A01,.84782481
CAN,A02,.70385134
CAN,A03,.86411065
CAN,B,.65645206
CAN,C10-C12,.81911844
CAN,C13-C15,.66031677
CAN,C16,.74924183
CAN,C17,.81386417
CAN,C18,.60991186
CAN,C19,.984474
CAN,C20,.84227949
CAN,C21,.722624
CAN,C22,.71335691
CAN,C23,.68815547
CAN,C24,.70778239
CAN,C25,.65969479
CAN,C26,.62377304
CAN,C27,.71493286
CAN,C28,.67372602
CAN,C29,.85483408
CAN,C30,.71307629
CAN,C31_C32,.82881844
CAN,C33,
CAN,D35,.54053229
CAN,E36,
CAN,E37-E39,.53652036
CAN,F,.67199987
CAN,G45,.80569071
CAN,G46,.49188119
CAN,G47,.45304865
CAN,H49,.77252853
CAN,H50,.73004329
CAN,H51,.79019344
CAN,H52,.61035389
CAN,H53,.51777452
CAN,I,.57974505
CAN,J58,.59606665
CAN,J59_J60,.72578228
CAN,J61,.69439667
CAN,J62_J63,.49473235
CAN,K64,.63037384
CAN,K65,.69591141
CAN,K66,
CAN,L68,.84483802
CAN,M69_M70,.41060778
CAN,M71,.44235724
CAN,M72,.3509064
CAN,M73,.9210484
CAN,M74_M75,.61870492
CAN,N,.63564306
CAN,O84,.54797351
CAN,P85,.24410008
CAN,Q,.36338148
CAN,R_S,.51871979
CAN,T,
CAN,U,
CHE,A01,.80053079
CHE,A02,.77633178
CHE,A03,.56129307
CHE,B,.72701859
CHE,C10-C12,.7742368
CHE,C13-C15,.69917035
CHE,C16,.67755926
CHE,C17,.73898774
CHE,C18,.53900319
CHE,C19,.95417124
CHE,C20,.74250597
CHE,C21,.87103307
CHE,C22,.71169567
CHE,C23,.70488852
CHE,C24,.75825906
CHE,C25,.61242014
CHE,C26,.75321645
CHE,C27,.7923497
CHE,C28,.71494877
CHE,C29,.73030835
CHE,C30,.72136366
CHE,C31_C32,.69968015
CHE,C33,.69482428
CHE,D35,.91276592
CHE,E36,.82536954
CHE,E37-E39,
CHE,F,.66538113
CHE,G45,.52410084
CHE,G46,.74591303
CHE,G47,.48762423
CHE,H49,.76152885
CHE,H50,.90134603
CHE,H51,.85077518
CHE,H52,.82817286
CHE,H53,.5467602
CHE,I,.62556672
CHE,J58,.68313515
CHE,J59_J60,
CHE,J61,.76896775
CHE,J62_J63,.60101455
CHE,K64,.58203578
CHE,K65,.54905063
CHE,K66,
CHE,L68,.52059531
CHE,M69_M70,.5774284
CHE,M71,
CHE,M72,.79407018
CHE,M73,
CHE,M74_M75,.71566361
CHE,N,.54138976
CHE,O84,.41727814
CHE,P85,.27179214
CHE,Q,.3978931
CHE,R_S,.55711025
CHE,T,0
CHE,U,
CHN,A01,.41092446
CHN,A02,.61617345
CHN,A03,.43063241
CHN,B,.72808409
CHN,C10-C12,.90831107
CHN,C13-C15,.87680948
CHN,C16,.88134849
CHN,C17,.89590842
CHN,C18,.82279247
CHN,C19,.96844763
CHN,C20,.94264752
CHN,C21,.86505896
CHN,C22,.89531285
CHN,C23,.87116611
CHN,C24,.94152921
CHN,C25,.89628667
CHN,C26,.89673364
CHN,C27,.92310244
CHN,C28,.87194854
CHN,C29,.90853965
CHN,C30,.85638332
CHN,C31_C32,.81252849
CHN,C33,
CHN,D35,.92515284
CHN,E36,.76727247
CHN,E37-E39,.72123009
CHN,F,.83872783
CHN,G45,
CHN,G46,.62854093
CHN,G47,.62854093
CHN,H49,.58932251
CHN,H50,.74768054
CHN,H51,.81712723
CHN,H52,.75384712
CHN,H53,.5111407
CHN,I,.65285176
CHN,J58,
CHN,J59_J60,
CHN,J61,.69998181
CHN,J62_J63,.67377007
CHN,K64,.47118694
CHN,K65,.69201368
CHN,K66,
CHN,L68,.54879248
CHN,M69_M70,.74483794
CHN,M71,
CHN,M72,.65072179
CHN,M73,
CHN,M74_M75,.63257235
CHN,N,.64514816
CHN,O84,.48554048
CHN,P85,.47858685
CHN,Q,.69562012
CHN,R_S,.58300167
CHN,T,
CHN,U,
CYP,A01,.84221566
CYP,A02,.29166666
CYP,A03,.53409088
CYP,B,.81343281
CYP,C10-C12,.81046391
CYP,C13-C15,.66428572
CYP,C16,.72588831
CYP,C17,.73658538
CYP,C18,.68802696
CYP,C19,.625
CYP,C20,.71656686
CYP,C21,.75144136
CYP,C22,.71826625
CYP,C23,.78894007
CYP,C24,.85317457
CYP,C25,.73160684
CYP,C26,.23076923
CYP,C27,.73282439
CYP,C28,.69139463
CYP,C29,.6981132
CYP,C30,.46153846
CYP,C31_C32,.68264461
CYP,C33,.61386138
CYP,D35,.88242447
CYP,E36,.85283017
CYP,E37-E39,.63013703
CYP,F,.74008906
CYP,G45,.60798037
CYP,G46,.52141482
CYP,G47,.52188927
CYP,H49,.59088385
CYP,H50,.97935003
CYP,H51,.78894252
CYP,H52,.83805388
CYP,H53,.37283951
CYP,I,.64486319
CYP,J58,.81736648
CYP,J59_J60,.4301075
CYP,J61,.64771461
CYP,J62_J63,.55704004
CYP,K64,.31537846
CYP,K65,.75787854
CYP,K66,.93233508
CYP,L68,.95706433
CYP,M69_M70,.28977555
CYP,M71,.30428132
CYP,M72,.1860465
CYP,M73,.7751835
CYP,M74_M75,.47920436
CYP,N,.51204818
CYP,O84,.27275628
CYP,P85,.16028236
CYP,Q,.43622518
CYP,R_S,.62270743
CYP,T,0
CYP,U,
CZE,A01,.79550511
CZE,A02,.83624649
CZE,A03,.71446621
CZE,B,.71187538
CZE,C10-C12,.870794
CZE,C13-C15,.78243667
CZE,C16,.86539304
CZE,C17,.87279135
CZE,C18,.79184955
CZE,C19,.98804206
CZE,C20,.91034579
CZE,C21,.82617354
CZE,C22,.84408498
CZE,C23,.78595138
CZE,C24,.87838787
CZE,C25,.79221541
CZE,C26,.92781526
CZE,C27,.82224667
CZE,C28,.80135947
CZE,C29,.91576296
CZE,C30,.78900367
CZE,C31_C32,.76845676
CZE,C33,.73188573
CZE,D35,.92072213
CZE,E36,.71757466
CZE,E37-E39,.80599308
CZE,F,.85367966
CZE,G45,.72154748
CZE,G46,.7282055
CZE,G47,.65235579
CZE,H49,.761792
CZE,H50,.73757964
CZE,H51,.89855623
CZE,H52,.81681263
CZE,H53,.53476822
CZE,I,.7055943
CZE,J58,.72493756
CZE,J59_J60,.84591401
CZE,J61,.7737422
CZE,J62_J63,.57365113
CZE,K64,.63225305
CZE,K65,.83244777
CZE,K66,.82665741
CZE,L68,.93608177
CZE,M69_M70,.66921312
CZE,M71,.76802921
CZE,M72,.54054356
CZE,M73,.8552056
CZE,M74_M75,.8900376
CZE,N,.76377213
CZE,O84,.43765181
CZE,P85,.28753966
CZE,Q,.48114887
CZE,R_S,.71699113
CZE,T,0
CZE,U,
DEU,A01,.83518779
DEU,A02,.71311259
DEU,A03,.70355731
DEU,B,.62225473
DEU,C10-C12,.82263309
DEU,C13-C15,.73145467
DEU,C16,.79010344
DEU,C17,.80323625
DEU,C18,.71403527
DEU,C19,.98227471
DEU,C20,.80206746
DEU,C21,.72819066
DEU,C22,.73053324
DEU,C23,.73397195
DEU,C24,.84716249
DEU,C25,.65896273
DEU,C26,.66230476
DEU,C27,.68112534
DEU,C28,.69625163
DEU,C29,.79795736
DEU,C30,.74897128
DEU,C31_C32,.62693608
DEU,C33,.642223
DEU,D35,.82989001
DEU,E36,.64285713
DEU,E37-E39,.74688143
DEU,F,.67675138
DEU,G45,.437996
DEU,G46,.52447653
DEU,G47,.53705388
DEU,H49,.66503012
DEU,H50,.93710822
DEU,H51,.80251265
DEU,H52,.75419748
DEU,H53,.55799395
DEU,I,.61655146
DEU,J58,.67177927
DEU,J59_J60,.65425557
DEU,J61,.81710893
DEU,J62_J63,.51678896
DEU,K64,.6380645
DEU,K65,.78953522
DEU,K66,.61131805
DEU,L68,.8810389
DEU,M69_M70,.50552738
DEU,M71,.55503243
DEU,M72,.52715135
DEU,M73,.66970342
DEU,M74_M75,.73710692
DEU,N,.56281847
DEU,O84,.39391345
DEU,P85,.27009311
DEU,Q,.38462728
DEU,R_S,.47587126
DEU,T,0
DEU,U,
DNK,A01,.86697626
DNK,A02,.76837641
DNK,A03,.80137599
DNK,B,.63493341
DNK,C10-C12,.85517204
DNK,C13-C15,.8243531
DNK,C16,.71003431
DNK,C17,.75066966
DNK,C18,.66729087
DNK,C19,.98553705
DNK,C20,.78969222
DNK,C21,.67775196
DNK,C22,.7270112
DNK,C23,.7059924
DNK,C24,.77936929
DNK,C25,.66268045
DNK,C26,.66835558
DNK,C27,.71057338
DNK,C28,.7601158
DNK,C29,.743411
DNK,C30,.65578514
DNK,C31_C32,.69965309
DNK,C33,.71698982
DNK,D35,.84714842
DNK,E36,.85898817
DNK,E37-E39,.85171717
DNK,F,.69607294
DNK,G45,.57228029
DNK,G46,.59631842
DNK,G47,.4597708
DNK,H49,.67018712
DNK,H50,.94748086
DNK,H51,.85241812
DNK,H52,.64681482
DNK,H53,.53592283
DNK,I,.64949214
DNK,J58,.56940705
DNK,J59_J60,.6901834
DNK,J61,.78130651
DNK,J62_J63,.58228093
DNK,K64,.5774613
DNK,K65,.47150442
DNK,K66,.61638439
DNK,L68,.86026543
DNK,M69_M70,.40614662
DNK,M71,.582349
DNK,M72,.63030893
DNK,M73,.73046762
DNK,M74_M75,.65532583
DNK,N,.59813952
DNK,O84,.41955286
DNK,P85,.30084839
DNK,Q,.32812971
DNK,R_S,.48942104
DNK,T,0
DNK,U,
ESP,A01,.8476932
ESP,A02,.48809522
ESP,A03,.71455574
ESP,B,.7340132
ESP,C10-C12,.8876189
ESP,C13-C15,.79009622
ESP,C16,.7502349
ESP,C17,.83073968
ESP,C18,.70952308
ESP,C19,.98352987
ESP,C20,.90047109
ESP,C21,.78811711
ESP,C22,.78266805
ESP,C23,.75160509
ESP,C24,.89842021
ESP,C25,.71468186
ESP,C26,.68894601
ESP,C27,.81736094
ESP,C28,.75998604
ESP,C29,.8680225
ESP,C30,.7719326
ESP,C31_C32,.71246719
ESP,C33,.5959903
ESP,D35,.93852651
ESP,E36,.70048165
ESP,E37-E39,.76014483
ESP,F,.73544759
ESP,G45,.62784606
ESP,G46,.61124408
ESP,G47,.46333286
ESP,H49,.69610149
ESP,H50,.84130597
ESP,H51,.78062922
ESP,H52,.74303347
ESP,H53,.49389672
ESP,I,.59317744
ESP,J58,.65425158
ESP,J59_J60,.69962168
ESP,J61,.79962295
ESP,J62_J63,.53648812
ESP,K64,.46779278
ESP,K65,.7922138
ESP,K66,.74131805
ESP,L68,.79140627
ESP,M69_M70,.48676202
ESP,M71,.58959538
ESP,M72,.47213113
ESP,M73,.62484533
ESP,M74_M75,.55623925
ESP,N,.49081299
ESP,O84,.31813413
ESP,P85,.16604124
ESP,Q,.4142634
ESP,R_S,.52683228
ESP,T,0
ESP,U,
EST,A01,.81064755
EST,A02,.81818181
EST,A03,.76752764
EST,B,.68163139
EST,C10-C12,.85880631
EST,C13-C15,.71414918
EST,C16,.8446539
EST,C17,.85442328
EST,C18,.7807653
EST,C19,.82539684
EST,C20,.89729017
EST,C21,.78005117
EST,C22,.78973871
EST,C23,.76735359
EST,C24,.81515151
EST,C25,.78764564
EST,C26,.93860054
EST,C27,.78707951
EST,C28,.75
EST,C29,.79941213
EST,C30,.79069769
EST,C31_C32,.75830811
EST,C33,.69558692
EST,D35,.87605107
EST,E36,.6226415
EST,E37-E39,.88076484
EST,F,.73034257
EST,G45,.61043262
EST,G46,.64827454
EST,G47,.5698052
EST,H49,.81410259
EST,H50,.94521421
EST,H51,.90512627
EST,H52,.83686376
EST,H53,.58415842
EST,I,.69923913
EST,J58,.60442263
EST,J59_J60,.65827817
EST,J61,.73721761
EST,J62_J63,.45644382
EST,K64,.54435289
EST,K65,.71870703
EST,K66,.77564102
EST,L68,.84193015
EST,M69_M70,.52225268
EST,M71,.57708412
EST,M72,.40815187
EST,M73,.83321631
EST,M74_M75,.69954753
EST,N,.58225679
EST,O84,.38799432
EST,P85,.3097015
EST,Q,.41750658
EST,R_S,.61975014
EST,T,
EST,U,
FIN,A01,.83956546
FIN,A02,.70119727
FIN,A03,.77272725
FIN,B,.80039138
FIN,C10-C12,.83661395
FIN,C13-C15,.75607479
FIN,C16,.84421092
FIN,C17,.88335496
FIN,C18,.68134713
FIN,C19,.98032576
FIN,C20,.87970513
FIN,C21,.67614341
FIN,C22,.76219982
FIN,C23,.74081165
FIN,C24,.91105908
FIN,C25,.7073462
FIN,C26,.78472221
FIN,C27,.76778185
FIN,C28,.79862756
FIN,C29,.78086191
FIN,C30,.75700933
FIN,C31_C32,.69951755
FIN,C33,.61219305
FIN,D35,.84371006
FIN,E36,.72506082
FIN,E37-E39,.77148956
FIN,F,.69566756
FIN,G45,.58721638
FIN,G46,.61139941
FIN,G47,.53444421
FIN,H49,.64838004
FIN,H50,.77527612
FIN,H51,.86404365
FIN,H52,.75715482
FIN,H53,.51748252
FIN,I,.66696858
FIN,J58,.65702635
FIN,J59_J60,.65789473
FIN,J61,.73935771
FIN,J62_J63,.57521904
FIN,K64,.63756835
FIN,K65,.66666669
FIN,K66,.73595506
FIN,L68,.91814792
FIN,M69_M70,.54372954
FIN,M71,.52051336
FIN,M72,.38225701
FIN,M73,.59317344
FIN,M74_M75,.63958168
FIN,N,.49847439
FIN,O84,.53467816
FIN,P85,.3243995
FIN,Q,.40794796
FIN,R_S,.59743136
FIN,T,0
FIN,U,
FRA,A01,.85992032
FRA,A02,.71877664
FRA,A03,.75307989
FRA,B,.76331753
FRA,C10-C12,.83293658
FRA,C13-C15,.7593838
FRA,C16,.76459378
FRA,C17,.79390723
FRA,C18,.65300202
FRA,C19,.98432755
FRA,C20,.85414785
FRA,C21,.74569571
FRA,C22,.71183527
FRA,C23,.76543045
FRA,C24,.86394083
FRA,C25,.67735499
FRA,C26,.66418749
FRA,C27,.7450642
FRA,C28,.72862309
FRA,C29,.8579942
FRA,C30,.8706246
FRA,C31_C32,.6740917
FRA,C33,.6177848
FRA,D35,.85738605
FRA,E36,.85694641
FRA,E37-E39,.74071556
FRA,F,.70858985
FRA,G45,.5325948
FRA,G46,.66134876
FRA,G47,.50794083
FRA,H49,.57948357
FRA,H50,.93639278
FRA,H51,.70223886
FRA,H52,.63230681
FRA,H53,.30795294
FRA,I,.57227236
FRA,J58,.60530025
FRA,J59_J60,.70428348
FRA,J61,.79911429
FRA,J62_J63,.454252
FRA,K64,.65668648
FRA,K65,.83954477
FRA,K66,.67517573
FRA,L68,.79161417
FRA,M69_M70,.62372845
FRA,M71,.61702013
FRA,M72,.59944004
FRA,M73,.58560377
FRA,M74_M75,.67500132
FRA,N,.52753067
FRA,O84,.32870966
FRA,P85,.20692541
FRA,Q,.29536256
FRA,R_S,.48428065
FRA,T,0
FRA,U,
GBR,A01,.78145665
GBR,A02,.88380605
GBR,A03,.92301327
GBR,B,.75011969
GBR,C10-C12,.77552497
GBR,C13-C15,.61405492
GBR,C16,.74771482
GBR,C17,.73929238
GBR,C18,.66866225
GBR,C19,.92616832
GBR,C20,.82804519
GBR,C21,.65965241
GBR,C22,.67235512
GBR,C23,.77175307
GBR,C24,.86530864
GBR,C25,.59959489
GBR,C26,.66058719
GBR,C27,.69802272
GBR,C28,.69093704
GBR,C29,.82336628
GBR,C30,.77020192
GBR,C31_C32,.6547451
GBR,C33,.65480113
GBR,D35,.92089033
GBR,E36,.61694819
GBR,E37-E39,.72532105
GBR,F,.74487603
GBR,G45,.53129864
GBR,G46,.6209898
GBR,G47,.53167272
GBR,H49,.63150316
GBR,H50,.72854799
GBR,H51,.76222444
GBR,H52,.64480793
GBR,H53,.59816372
GBR,I,.60857308
GBR,J58,.5817467
GBR,J59_J60,.67709643
GBR,J61,.64061284
GBR,J62_J63,.46094865
GBR,K64,.62796879
GBR,K65,.88538975
GBR,K66,.5027281
GBR,L68,.85920143
GBR,M69_M70,.51594448
GBR,M71,.56593335
GBR,M72,.61293459
GBR,M73,.58870125
GBR,M74_M75,.53447199
GBR,N,.59476089
GBR,O84,.5382455
GBR,P85,.2795727
GBR,Q,.57281291
GBR,R_S,.54142857
GBR,T,0
GBR,U,
GRC,A01,.89705133
GRC,A02,.41035855
GRC,A03,.79463482
GRC,B,.61931133
GRC,C10-C12,.854294
GRC,C13-C15,.75450021
GRC,C16,.90569997
GRC,C17,.8373943
GRC,C18,.63773286
GRC,C19,.98652571
GRC,C20,.83973277
GRC,C21,.76829159
GRC,C22,.88761008
GRC,C23,.74263054
GRC,C24,.8691417
GRC,C25,.78175586
GRC,C26,.83941984
GRC,C27,.84195095
GRC,C28,.65398526
GRC,C29,.7532981
GRC,C30,.44565219
GRC,C31_C32,.78254026
GRC,C33,.7287243
GRC,D35,.8533569
GRC,E36,.67007643
GRC,E37-E39,.54528713
GRC,F,.84529018
GRC,G45,.65947098
GRC,G46,.64759934
GRC,G47,.58175063
GRC,H49,.81123
GRC,H50,.90095502
GRC,H51,.87980348
GRC,H52,.65924919
GRC,H53,.47511712
GRC,I,.82026261
GRC,J58,.61406559
GRC,J59_J60,.65783662
GRC,J61,.72548795
GRC,J62_J63,.61872011
GRC,K64,.38769418
GRC,K65,.77857625
GRC,K66,.58877486
GRC,L68,.96852702
GRC,M69_M70,.54262906
GRC,M71,.86939293
GRC,M72,.65010887
GRC,M73,.77481949
GRC,M74_M75,.76975018
GRC,N,.60893232
GRC,O84,.2821992
GRC,P85,.076597728
GRC,Q,.4878988
GRC,R_S,.56346393
GRC,T,0
GRC,U,
HRV,A01,.90602785
HRV,A02,.42101002
HRV,A03,.6716857
HRV,B,.88939905
HRV,C10-C12,.78000534
HRV,C13-C15,.66676795
HRV,C16,.75268239
HRV,C17,.81303436
HRV,C18,.72600311
HRV,C19,.78032786
HRV,C20,.82917082
HRV,C21,.73165619
HRV,C22,.78633213
HRV,C23,.75420082
HRV,C24,.83784282
HRV,C25,.68463171
HRV,C26,.61057568
HRV,C27,.77267528
HRV,C28,.70656043
HRV,C29,.78220212
HRV,C30,.57708108
HRV,C31_C32,.6952287
HRV,C33,.6100176
HRV,D35,.86354965
HRV,E36,.48533919
HRV,E37-E39,.61003101
HRV,F,.73841041
HRV,G45,.54978693
HRV,G46,.60175562
HRV,G47,.54238379
HRV,H49,.68234682
HRV,H50,.71982831
HRV,H51,.82176507
HRV,H52,.56922984
HRV,H53,.3422319
HRV,I,.5992524
HRV,J58,.67538118
HRV,J59_J60,.64062792
HRV,J61,.73783857
HRV,J62_J63,.49859798
HRV,K64,.52182502
HRV,K65,.66247016
HRV,K66,.58626372
HRV,L68,.69647509
HRV,M69_M70,.4642534
HRV,M71,.61298728
HRV,M72,.38348624
HRV,M73,.76042908
HRV,M74_M75,.49551243
HRV,N,.61876243
HRV,O84,.49308491
HRV,P85,.20393179
HRV,Q,.39311054
HRV,R_S,.54907286
HRV,T,.37632653
HRV,U,
HUN,A01,.85686451
HUN,A02,.62961227
HUN,A03,.68765205
HUN,B,.75400823
HUN,C10-C12,.87452888
HUN,C13-C15,.72738463
HUN,C16,.8138625
HUN,C17,.8602007
HUN,C18,.76995838
HUN,C19,.95885164
HUN,C20,.94067216
HUN,C21,.76796842
HUN,C22,.84478927
HUN,C23,.80914247
HUN,C24,.87243509
HUN,C25,.75790012
HUN,C26,.92111552
HUN,C27,.83692324
HUN,C28,.8404395
HUN,C29,.92910689
HUN,C30,.83537012
HUN,C31_C32,.75869179
HUN,C33,.67178613
HUN,D35,.81248301
HUN,E36,.59152544
HUN,E37-E39,.7318238
HUN,F,.79138696
HUN,G45,.67840433
HUN,G46,.69960058
HUN,G47,.60531366
HUN,H49,.71089971
HUN,H50,.86794972
HUN,H51,.93903196
HUN,H52,.7019664
HUN,H53,.38307244
HUN,I,.71162993
HUN,J58,.63483298
HUN,J59_J60,.77814263
HUN,J61,.68471837
HUN,J62_J63,.46282777
HUN,K64,.61656839
HUN,K65,.7682212
HUN,K66,.60541958
HUN,L68,.85851336
HUN,M69_M70,.48894355
HUN,M71,.5639714
HUN,M72,.5442977
HUN,M73,.6369161
HUN,M74_M75,.59083676
HUN,N,.56785405
HUN,O84,.41022411
HUN,P85,.28817883
HUN,Q,.42988351
HUN,R_S,.63928086
HUN,T,0
HUN,U,
IDN,A01,.51348662
IDN,A02,.43705636
IDN,A03,.45436874
IDN,B,.72562391
IDN,C10-C12,.89425623
IDN,C13-C15,.82425684
IDN,C16,.84037894
IDN,C17,.86770838
IDN,C18,.89667755
IDN,C19,.82023698
IDN,C20,.84685808
IDN,C21,.84779054
IDN,C22,.87535655
IDN,C23,.85298383
IDN,C24,.87396574
IDN,C25,.85491937
IDN,C26,.92042416
IDN,C27,.89992201
IDN,C28,.88382638
IDN,C29,.75884092
IDN,C30,.82264918
IDN,C31_C32,.82890958
IDN,C33,
IDN,D35,.91012168
IDN,E36,.39486629
IDN,E37-E39,
IDN,F,.83679229
IDN,G45,.61168319
IDN,G46,.61440462
IDN,G47,.61440462
IDN,H49,.72641838
IDN,H50,.81834823
IDN,H51,.83606726
IDN,H52,.78143513
IDN,H53,.7680195
IDN,I,.79116386
IDN,J58,.82700396
IDN,J59_J60,.63732183
IDN,J61,.64842135
IDN,J62_J63,.51991206
IDN,K64,.75705224
IDN,K65,.71926975
IDN,K66,
IDN,L68,.36183199
IDN,M69_M70,.47772062
IDN,M71,
IDN,M72,
IDN,M73,
IDN,M74_M75,
IDN,N,.40359667
IDN,O84,.40939149
IDN,P85,.48248929
IDN,Q,.58710909
IDN,R_S,.66864228
IDN,T,
IDN,U,
IND,A01,.63035041
IND,A02,.14959571
IND,A03,.10239797
IND,B,.69802648
IND,C10-C12,.97191274
IND,C13-C15,.90889168
IND,C16,.84935802
IND,C17,.93370199
IND,C18,.92293423
IND,C19,.99067944
IND,C20,.96832627
IND,C21,.96914822
IND,C22,.96326005
IND,C23,.90905118
IND,C24,.98143244
IND,C25,.96837324
IND,C26,.9413417
IND,C27,.92414385
IND,C28,.9369691
IND,C29,.94907242
IND,C30,.90515029
IND,C31_C32,.90767777
IND,C33,
IND,D35,.88176578
IND,E36,.7874195
IND,E37-E39,
IND,F,.84573746
IND,G45,.77320749
IND,G46,.77320743
IND,G47,.77320749
IND,H49,.88009959
IND,H50,.7266708
IND,H51,.74445105
IND,H52,.76407743
IND,H53,
IND,I,.91989589
IND,J58,
IND,J59_J60,
IND,J61,.44596663
IND,J62_J63,.57522768
IND,K64,.53196657
IND,K65,.65231955
IND,K66,
IND,L68,.57712257
IND,M69_M70,.38221797
IND,M71,.82803249
IND,M72,
IND,M73,
IND,M74_M75,
IND,N,.41787344
IND,O84,0
IND,P85,.13800141
IND,Q,.58942872
IND,R_S,.77727157
IND,T,
IND,U,
IRL,A01,.92526013
IRL,A02,.65229887
IRL,A03,.84691846
IRL,B,.81749701
IRL,C10-C12,.91431302
IRL,C13-C15,.69111365
IRL,C16,.81989485
IRL,C17,.55359608
IRL,C18,.74417555
IRL,C19,.75057471
IRL,C20,.75040257
IRL,C21,.92768657
IRL,C22,.75082272
IRL,C23,.76232916
IRL,C24,.82684445
IRL,C25,.68675721
IRL,C26,.85533541
IRL,C27,.81040263
IRL,C28,.77720684
IRL,C29,.77359909
IRL,C30,.14099784
IRL,C31_C32,.79870456
IRL,C33,.61405694
IRL,D35,.77816159
IRL,E36,.69472182
IRL,E37-E39,.72216696
IRL,F,.79623717
IRL,G45,.35706595
IRL,G46,.81081986
IRL,G47,.57841241
IRL,H49,.68622714
IRL,H50,.70756435
IRL,H51,.79399043
IRL,H52,.52043408
IRL,H53,.31939659
IRL,I,.45108965
IRL,J58,.95730007
IRL,J59_J60,.43101603
IRL,J61,.46442041
IRL,J62_J63,.9172622
IRL,K64,.6396659
IRL,K65,.93578953
IRL,K66,.85738552
IRL,L68,.95967185
IRL,M69_M70,.60126615
IRL,M71,.27290493
IRL,M72,.21802898
IRL,M73,.26454669
IRL,M74_M75,.47106767
IRL,N,.59450322
IRL,O84,.5463562
IRL,P85,.25574696
IRL,Q,.2670674
IRL,R_S,.60725123
IRL,T,0
IRL,U,
ITA,A01,.77072912
ITA,A02,.28817263
ITA,A03,.6498161
ITA,B,.77787971
ITA,C10-C12,.88466543
ITA,C13-C15,.815512
ITA,C16,.79730111
ITA,C17,.85237974
ITA,C18,.74430305
ITA,C19,.97711295
ITA,C20,.87622184
ITA,C21,.7912938
ITA,C22,.80890852
ITA,C23,.77226365
ITA,C24,.89416152
ITA,C25,.75016713
ITA,C26,.73262525
ITA,C27,.79356569
ITA,C28,.7839027
ITA,C29,.84944993
ITA,C30,.80913758
ITA,C31_C32,.79145265
ITA,C33,.69474524
ITA,D35,.9158904
ITA,E36,.76207536
ITA,E37-E39,.81905556
ITA,F,.81714946
ITA,G45,.72275043
ITA,G46,.74373794
ITA,G47,.61409134
ITA,H49,.72648954
ITA,H50,.86722213
ITA,H51,.90173775
ITA,H52,.73916507
ITA,H53,.43558806
ITA,I,.66552407
ITA,J58,.74286878
ITA,J59_J60,.79166961
ITA,J61,.81562293
ITA,J62_J63,.61219269
ITA,K64,.56046677
ITA,K65,.82143939
ITA,K66,.68301028
ITA,L68,.91771197
ITA,M69_M70,.68378037
ITA,M71,.74314409
ITA,M72,.43567467
ITA,M73,.87105918
ITA,M74_M75,.75026435
ITA,N,.653979
ITA,O84,.30537352
ITA,P85,.17277846
ITA,Q,.51254576
ITA,R_S,.7288397
ITA,T,0
ITA,U,
JPN,A01,.83929318
JPN,A02,.82928675
JPN,A03,.8704257
JPN,B,.90523869
JPN,C10-C12,.82023782
JPN,C13-C15,.6828106
JPN,C16,.73556274
JPN,C17,.79097033
JPN,C18,.57477647
JPN,C19,.98183143
JPN,C20,.90005362
JPN,C21,.82091188
JPN,C22,.77752346
JPN,C23,.68960786
JPN,C24,.89275104
JPN,C25,.67920506
JPN,C26,.67902011
JPN,C27,.75877297
JPN,C28,.67519146
JPN,C29,.80532855
JPN,C30,.68204701
JPN,C31_C32,.71144205
JPN,C33,
JPN,D35,.91160578
JPN,E36,.74788338
JPN,E37-E39,.37301531
JPN,F,.64536029
JPN,G45,.83740121
JPN,G46,.48078847
JPN,G47,.40070713
JPN,H49,.42721498
JPN,H50,.8539266
JPN,H51,.86706114
JPN,H52,.64303005
JPN,H53,.29285952
JPN,I,.70957506
JPN,J58,.69040865
JPN,J59_J60,.73829645
JPN,J61,.8336066
JPN,J62_J63,.49606636
JPN,K64,.58104986
JPN,K65,.49113795
JPN,K66,
JPN,L68,.77447176
JPN,M69_M70,
JPN,M71,
JPN,M72,.4343853
JPN,M73,.89422333
JPN,M74_M75,.35270929
JPN,N,.65806514
JPN,O84,.53144169
JPN,P85,.22309186
JPN,Q,.41875735
JPN,R_S,.50227398
JPN,T,.99137676
JPN,U,
KOR,A01,.93559575
KOR,A02,.92593396
KOR,A03,.73279363
KOR,B,.70581603
KOR,C10-C12,.91221863
KOR,C13-C15,.85099477
KOR,C16,.81813866
KOR,C17,.83367473
KOR,C18,.86404866
KOR,C19,.98827612
KOR,C20,.91791654
KOR,C21,.91316003
KOR,C22,.80915058
KOR,C23,.87613684
KOR,C24,.91332221
KOR,C25,.81567746
KOR,C26,.88942748
KOR,C27,.84279519
KOR,C28,.81512004
KOR,C29,.85933453
KOR,C30,.80619037
KOR,C31_C32,.83807391
KOR,C33,
KOR,D35,.94652265
KOR,E36,.90748286
KOR,E37-E39,.83101922
KOR,F,.71688551
KOR,G45,.66508371
KOR,G46,.64381194
KOR,G47,.673298
KOR,H49,.74439812
KOR,H50,.82659185
KOR,H51,.78602493
KOR,H52,.80640352
KOR,H53,.85229021
KOR,I,.66924769
KOR,J58,.63012183
KOR,J59_J60,.74752682
KOR,J61,.80382431
KOR,J62_J63,.68865788
KOR,K64,.6833775
KOR,K65,.75917768
KOR,K66,.54486442
KOR,L68,.76183844
KOR,M69_M70,.54371423
KOR,M71,.51969612
KOR,M72,.47968984
KOR,M73,.54371417
KOR,M74_M75,.4962028
KOR,N,.48097745
KOR,O84,.38837644
KOR,P85,.33515283
KOR,Q,.5664807
KOR,R_S,.65687501
KOR,T,
KOR,U,
LTU,A01,.85554808
LTU,A02,.67937064
LTU,A03,.69945359
LTU,B,.70535713
LTU,C10-C12,.84809172
LTU,C13-C15,.59119397
LTU,C16,.77692401
LTU,C17,.7734769
LTU,C18,.65283984
LTU,C19,.98990858
LTU,C20,.92383623
LTU,C21,.62737644
LTU,C22,.81660432
LTU,C23,.72902179
LTU,C24,.76769912
LTU,C25,.71398509
LTU,C26,.60489297
LTU,C27,.75732529
LTU,C28,.67695272
LTU,C29,.8050586
LTU,C30,.71600002
LTU,C31_C32,.72019118
LTU,C33,.6572935
LTU,D35,.85705149
LTU,E36,.49914238
LTU,E37-E39,.69562572
LTU,F,.63487226
LTU,G45,.43819043
LTU,G46,.54247189
LTU,G47,.39097661
LTU,H49,.69644177
LTU,H50,.68425608
LTU,H51,.89871502
LTU,H52,.76787418
LTU,H53,.40660474
LTU,I,.45825827
LTU,J58,.5467422
LTU,J59_J60,.74900001
LTU,J61,.59351826
LTU,J62_J63,.40821296
LTU,K64,.59434313
LTU,K65,.63627499
LTU,K66,.61583579
LTU,L68,.82661849
LTU,M69_M70,.53889775
LTU,M71,.42597991
LTU,M72,.31168833
LTU,M73,.58767939
LTU,M74_M75,.60519129
LTU,N,.50278109
LTU,O84,.42541009
LTU,P85,.21756063
LTU,Q,.34025529
LTU,R_S,.67096084
LTU,T,0
LTU,U,
LUX,A01,.84929723
LUX,A02,.45662102
LUX,A03,
LUX,B,.71694601
LUX,C10-C12,.73105597
LUX,C13-C15,.83265305
LUX,C16,.82786882
LUX,C17,.66706735
LUX,C18,.51367778
LUX,C19,
LUX,C20,.84640521
LUX,C21,.74781477
LUX,C22,.7551077
LUX,C23,.78696865
LUX,C24,.9055081
LUX,C25,.72254235
LUX,C26,.69770879
LUX,C27,.73233956
LUX,C28,.71709532
LUX,C29,.85380709
LUX,C30,.61788619
LUX,C31_C32,.66153848
LUX,C33,.61745512
LUX,D35,.88235289
LUX,E36,.42088607
LUX,E37-E39,.57349396
LUX,F,.66048753
LUX,G45,.45664498
LUX,G46,.77380776
LUX,G47,.8593269
LUX,H49,.50340098
LUX,H50,.73567885
LUX,H51,.95223784
LUX,H52,.68338412
LUX,H53,.68338412
LUX,I,.55038202
LUX,J58,.65836179
LUX,J59_J60,.56133181
LUX,J61,.85266197
LUX,J62_J63,.90791321
LUX,K64,.93599427
LUX,K65,.87509507
LUX,K66,.95211732
LUX,L68,.90562087
LUX,M69_M70,.49600568
LUX,M71,.46249285
LUX,M72,.43945718
LUX,M73,.8596766
LUX,M74_M75,.60211641
LUX,N,.86336768
LUX,O84,.32086021
LUX,P85,.13796045
LUX,Q,.30737457
LUX,R_S,.49632061
LUX,T,0
LUX,U,
LVA,A01,.88831735
LVA,A02,.8252027
LVA,A03,.80044848
LVA,B,.82370663
LVA,C10-C12,.84609967
LVA,C13-C15,.7273314
LVA,C16,.87541729
LVA,C17,.83857268
LVA,C18,.81698394
LVA,C19,.93333334
LVA,C20,.84552008
LVA,C21,.63946867
LVA,C22,.84259742
LVA,C23,.82082152
LVA,C24,.9026258
LVA,C25,.77158833
LVA,C26,.83183855
LVA,C27,.75942546
LVA,C28,.72844833
LVA,C29,.76437843
LVA,C30,.74920636
LVA,C31_C32,.7546618
LVA,C33,.70338982
LVA,D35,.91936237
LVA,E36,.554371
LVA,E37-E39,.73491687
LVA,F,.84092349
LVA,G45,.63959265
LVA,G46,.73127115
LVA,G47,.48904023
LVA,H49,.80115902
LVA,H50,.60050255
LVA,H51,.87686658
LVA,H52,.83295673
LVA,H53,.57936507
LVA,I,.66473901
LVA,J58,.63544536
LVA,J59_J60,.68684208
LVA,J61,.78364116
LVA,J62_J63,.50932306
LVA,K64,.63306034
LVA,K65,.73653281
LVA,K66,.70112592
LVA,L68,.81883693
LVA,M69_M70,.55714619
LVA,M71,.56781971
LVA,M72,.2870515
LVA,M73,.80264819
LVA,M74_M75,.63915098
LVA,N,.67799562
LVA,O84,.43834201
LVA,P85,.27768135
LVA,Q,.41111612
LVA,R_S,.63313538
LVA,T,0
LVA,U,
MEX,A01,.784706
MEX,A02,.79518688
MEX,A03,.74943918
MEX,B,.76966494
MEX,C10-C12,.92707342
MEX,C13-C15,.84471112
MEX,C16,.82546419
MEX,C17,.91488105
MEX,C18,.82014865
MEX,C19,.97169244
MEX,C20,.9355377
MEX,C21,.81842726
MEX,C22,.92481667
MEX,C23,.86110187
MEX,C24,.95999479
MEX,C25,.88254797
MEX,C26,.94185442
MEX,C27,.91849566
MEX,C28,.89756984
MEX,C29,.95009083
MEX,C30,.92083186
MEX,C31_C32,.86982274
MEX,C33,.79364264
MEX,D35,.77741796
MEX,E36,.64394879
MEX,E37-E39,.479296
MEX,F,.65256816
MEX,G45,.74581391
MEX,G46,.64553487
MEX,G47,.62433183
MEX,H49,.66554612
MEX,H50,.70580047
MEX,H51,.8237654
MEX,H52,.75699514
MEX,H53,.65017593
MEX,I,.67116904
MEX,J58,.71402019
MEX,J59_J60,.93466663
MEX,J61,.69873232
MEX,J62_J63,.76933098
MEX,K64,.58189738
MEX,K65,.91366267
MEX,K66,.44924873
MEX,L68,
MEX,M69_M70,.69703698
MEX,M71,.65404242
MEX,M72,.55458266
MEX,M73,
MEX,M74_M75,.69905698
MEX,N,.89368647
MEX,O84,.31866044
MEX,P85,.12686923
MEX,Q,.37306046
MEX,R_S,.63946098
MEX,T,0
MEX,U,.84099954
MLT,A01,.80479044
MLT,A02,
MLT,A03,.92492491
MLT,B,.98387092
MLT,C10-C12,.80960453
MLT,C13-C15,.75226587
MLT,C16,.6081081
MLT,C17,.79611647
MLT,C18,.74112076
MLT,C19,.95720983
MLT,C20,.75543481
MLT,C21,.8678261
MLT,C22,.7374199
MLT,C23,.7596401
MLT,C24,.60000002
MLT,C25,.7909739
MLT,C26,.72941178
MLT,C27,.90148908
MLT,C28,.81470186
MLT,C29,.83582091
MLT,C30,.78292686
MLT,C31_C32,.64054513
MLT,C33,.76648134
MLT,D35,.94388986
MLT,E36,.58050847
MLT,E37-E39,.78423238
MLT,F,.82103193
MLT,G45,.65966386
MLT,G46,.55002493
MLT,G47,.55002844
MLT,H49,.79090405
MLT,H50,.63923031
MLT,H51,.78869045
MLT,H52,.85388303
MLT,H53,.66522259
MLT,I,.74934828
MLT,J58,.67586207
MLT,J59_J60,.57894737
MLT,J61,.84617919
MLT,J62_J63,.73341644
MLT,K64,.9587996
MLT,K65,.8488372
MLT,K66,.69578785
MLT,L68,.95289361
MLT,M69_M70,.66636634
MLT,M71,.74108052
MLT,M72,.65789473
MLT,M73,.89526415
MLT,M74_M75,.86785007
MLT,N,.60928571
MLT,O84,.4028919
MLT,P85,.18872292
MLT,Q,.39284539
MLT,R_S,.92020881
MLT,T,.045454543
MLT,U,
NLD,A01,.87152648
NLD,A02,.63555557
NLD,A03,.76056337
NLD,B,.78516525
NLD,C10-C12,.89153689
NLD,C13-C15,.78082192
NLD,C16,.75834578
NLD,C17,.80641049
NLD,C18,.72675252
NLD,C19,.98052758
NLD,C20,.91528559
NLD,C21,.77826995
NLD,C22,.77081817
NLD,C23,.74090314
NLD,C24,.82059079
NLD,C25,.73844159
NLD,C26,.91856909
NLD,C27,.6935764
NLD,C28,.76467818
NLD,C29,.82061648
NLD,C30,.83598298
NLD,C31_C32,.46587718
NLD,C33,.70083493
NLD,D35,.84992433
NLD,E36,.61950696
NLD,E37-E39,.76046473
NLD,F,.76601678
NLD,G45,.63977993
NLD,G46,.60222805
NLD,G47,.49058977
NLD,H49,.68013853
NLD,H50,.85754985
NLD,H51,.80397463
NLD,H52,.66712141
NLD,H53,.6393593
NLD,I,.66299039
NLD,J58,.65254235
NLD,J59_J60,.69235259
NLD,J61,.77385849
NLD,J62_J63,.5284788
NLD,K64,.59048283
NLD,K65,.67079622
NLD,K66,.37721258
NLD,L68,.9171443
NLD,M69_M70,.59541357
NLD,M71,.49720758
NLD,M72,.47884747
NLD,M73,.71589011
NLD,M74_M75,.73991507
NLD,N,.46563044
NLD,O84,.49396688
NLD,P85,.25366253
NLD,Q,.36107051
NLD,R_S,.61291081
NLD,T,
NLD,U,
NOR,A01,.80568886
NOR,A02,.73538309
NOR,A03,.88032573
NOR,B,.65916055
NOR,C10-C12,.84017313
NOR,C13-C15,.70790207
NOR,C16,.74075574
NOR,C17,.79591835
NOR,C18,.64449638
NOR,C19,.92613596
NOR,C20,.91754615
NOR,C21,.91757804
NOR,C22,.73316866
NOR,C23,.7548089
NOR,C24,.8911047
NOR,C25,.67494249
NOR,C26,.68774313
NOR,C27,.71093643
NOR,C28,.78643137
NOR,C29,.74391407
NOR,C30,.77010787
NOR,C31_C32,.64884067
NOR,C33,.66899538
NOR,D35,.61724073
NOR,E36,.66428572
NOR,E37-E39,.76053125
NOR,F,.73901784
NOR,G45,.6116249
NOR,G46,.58138341
NOR,G47,.51698053
NOR,H49,.61089748
NOR,H50,.79611588
NOR,H51,.79983783
NOR,H52,.78143609
NOR,H53,.46021447
NOR,I,.60250139
NOR,J58,.59769797
NOR,J59_J60,.65521359
NOR,J61,.79119706
NOR,J62_J63,.51342988
NOR,K64,.6206671
NOR,K65,.47159123
NOR,K66,.63152164
NOR,L68,.87777209
NOR,M69_M70,.40941331
NOR,M71,.58652043
NOR,M72,.38851926
NOR,M73,.79781699
NOR,M74_M75,.62142634
NOR,N,.57369787
NOR,O84,.46128738
NOR,P85,.23206325
NOR,Q,.23130934
NOR,R_S,.57662225
NOR,T,0
NOR,U,
POL,A01,.90476191
POL,A02,.64479214
POL,A03,.80000001
POL,B,.56025547
POL,C10-C12,.89256686
POL,C13-C15,.74638337
POL,C16,.85215169
POL,C17,.87698704
POL,C18,.78620321
POL,C19,.9831959
POL,C20,.9001103
POL,C21,.7988109
POL,C22,.8482269
POL,C23,.82701582
POL,C24,.89966583
POL,C25,.79723996
POL,C26,.90157998
POL,C27,.85743719
POL,C28,.77478564
POL,C29,.89869958
POL,C30,.82021463
POL,C31_C32,.79463196
POL,C33,.72338748
POL,D35,.8207255
POL,E36,.58068109
POL,E37-E39,.72403944
POL,F,.82715428
POL,G45,.72518414
POL,G46,.71854228
POL,G47,.64286333
POL,H49,.80934572
POL,H50,.84914738
POL,H51,.8625285
POL,H52,.78385156
POL,H53,.4858425
POL,I,.73197788
POL,J58,.60010952
POL,J59_J60,.78447217
POL,J61,.84218448
POL,J62_J63,.63406074
POL,K64,.5977388
POL,K65,.87221354
POL,K66,.76789391
POL,L68,.87148529
POL,M69_M70,.70808154
POL,M71,.74970841
POL,M72,.47744563
POL,M73,.73183197
POL,M74_M75,.79393941
POL,N,.60339546
POL,O84,.25260106
POL,P85,.25902373
POL,Q,.53398609
POL,R_S,.6284517
POL,T,0
POL,U,
PRT,A01,.85049003
PRT,A02,.77251291
PRT,A03,.67361808
PRT,B,.7355597
PRT,C10-C12,.88570416
PRT,C13-C15,.74068105
PRT,C16,.8163076
PRT,C17,.90525866
PRT,C18,.67943823
PRT,C19,.98666501
PRT,C20,.91673762
PRT,C21,.76934028
PRT,C22,.83960092
PRT,C23,.76417744
PRT,C24,.92271823
PRT,C25,.72403598
PRT,C26,.81981063
PRT,C27,.83441418
PRT,C28,.79843712
PRT,C29,.88283604
PRT,C30,.7453388
PRT,C31_C32,.72303897
PRT,C33,.67392367
PRT,D35,.96109104
PRT,E36,.70943922
PRT,E37-E39,.76623631
PRT,F,.73644209
PRT,G45,.62518311
PRT,G46,.60927498
PRT,G47,.49580839
PRT,H49,.70668542
PRT,H50,.86807781
PRT,H51,.80834585
PRT,H52,.72687066
PRT,H53,.57536584
PRT,I,.61864972
PRT,J58,.66466445
PRT,J59_J60,.75295818
PRT,J61,.84060526
PRT,J62_J63,.54274607
PRT,K64,.58654022
PRT,K65,.78749943
PRT,K66,.67909729
PRT,L68,.74319988
PRT,M69_M70,.58085561
PRT,M71,.62678337
PRT,M72,.48539731
PRT,M73,.79926848
PRT,M74_M75,.62932914
PRT,N,.48736089
PRT,O84,.34159163
PRT,P85,.16884823
PRT,Q,.4763895
PRT,R_S,.58935899
PRT,T,0
PRT,U,
ROU,A01,.93899322
ROU,A02,.75813752
ROU,A03,.68130922
ROU,B,.63605922
ROU,C10-C12,.93340206
ROU,C13-C15,.65268064
ROU,C16,.88083827
ROU,C17,.8857857
ROU,C18,.81364435
ROU,C19,.97554499
ROU,C20,.86412132
ROU,C21,.75340468
ROU,C22,.89791757
ROU,C23,.80522871
ROU,C24,.87530923
ROU,C25,.78109145
ROU,C26,.79584503
ROU,C27,.83149391
ROU,C28,.74783891
ROU,C29,.88670856
ROU,C30,.6857838
ROU,C31_C32,.76796812
ROU,C33,.63149559
ROU,D35,.87090206
ROU,E36,.5601384
ROU,E37-E39,.86436492
ROU,F,.85497457
ROU,G45,.48413685
ROU,G46,.80134016
ROU,G47,.64808923
ROU,H49,.85465407
ROU,H50,.92493021
ROU,H51,.87602639
ROU,H52,.82548177
ROU,H53,.53873849
ROU,I,.82171917
ROU,J58,.68330359
ROU,J59_J60,.72782916
ROU,J61,.79064405
ROU,J62_J63,.71256799
ROU,K64,.53496557
ROU,K65,.59487593
ROU,K66,.39234731
ROU,L68,.91682667
ROU,M69_M70,.74471617
ROU,M71,.76159531
ROU,M72,.45452231
ROU,M73,.81021971
ROU,M74_M75,.90687186
ROU,N,.64432704
ROU,O84,.21035345
ROU,P85,.31290793
ROU,Q,.49229944
ROU,R_S,.67032182
ROU,T,
ROU,U,
RUS,A01,.63259709
RUS,A02,
RUS,A03,
RUS,B,.82091153
RUS,C10-C12,.90542448
RUS,C13-C15,.76929903
RUS,C16,.80870533
RUS,C17,.78505456
RUS,C18,
RUS,C19,.94191009
RUS,C20,.86090159
RUS,C21,
RUS,C22,.89611644
RUS,C23,.78565514
RUS,C24,.84553695
RUS,C25,
RUS,C26,.78300047
RUS,C27,
RUS,C28,.78757977
RUS,C29,.87143958
RUS,C30,
RUS,C31_C32,.85051346
RUS,C33,
RUS,D35,.88592672
RUS,E36,
RUS,E37-E39,
RUS,F,.70892382
RUS,G45,.54453546
RUS,G46,.65227365
RUS,G47,.53582448
RUS,H49,.71727234
RUS,H50,.68184865
RUS,H51,.878259
RUS,H52,.62737286
RUS,H53,
RUS,I,.68336278
RUS,J58,
RUS,J59_J60,
RUS,J61,.65876144
RUS,J62_J63,
RUS,K64,.60925579
RUS,K65,
RUS,K66,
RUS,L68,.52089483
RUS,M69_M70,
RUS,M71,
RUS,M72,
RUS,M73,
RUS,M74_M75,
RUS,N,.48527563
RUS,O84,.58841604
RUS,P85,.41344365
RUS,Q,.50218022
RUS,R_S,.58941036
RUS,T,
RUS,U,
SVK,A01,.80607533
SVK,A02,.79117554
SVK,A03,.70689654
SVK,B,.63838875
SVK,C10-C12,.85180926
SVK,C13-C15,.72651738
SVK,C16,.81757903
SVK,C17,.88485253
SVK,C18,.73704207
SVK,C19,.97556621
SVK,C20,.90683264
SVK,C21,.74413407
SVK,C22,.86081225
SVK,C23,.78878558
SVK,C24,.86881995
SVK,C25,.8368566
SVK,C26,.95794964
SVK,C27,.84992808
SVK,C28,.80287218
SVK,C29,.9388907
SVK,C30,.80504054
SVK,C31_C32,.78141391
SVK,C33,.76888204
SVK,D35,.93867058
SVK,E36,.59921026
SVK,E37-E39,.69382852
SVK,F,.83047473
SVK,G45,.69804424
SVK,G46,.68624222
SVK,G47,.62325162
SVK,H49,.74407452
SVK,H50,.80122322
SVK,H51,.875817
SVK,H52,.79091305
SVK,H53,.62788057
SVK,I,.60059386
SVK,J58,.65574849
SVK,J59_J60,.80632406
SVK,J61,.70984453
SVK,J62_J63,.63537705
SVK,K64,.61926293
SVK,K65,.82371038
SVK,K66,.8269825
SVK,L68,.91190445
SVK,M69_M70,.63425124
SVK,M71,.73488414
SVK,M72,.50069541
SVK,M73,.74080843
SVK,M74_M75,.88679731
SVK,N,.66893983
SVK,O84,.37406924
SVK,P85,.28857061
SVK,Q,.46623534
SVK,R_S,.69211257
SVK,T,
SVK,U,
SVN,A01,.90732276
SVN,A02,.79665738
SVN,A03,.77777779
SVN,B,.61500412
SVN,C10-C12,.81976181
SVN,C13-C15,.73584908
SVN,C16,.76768142
SVN,C17,.8402046
SVN,C18,.75986183
SVN,C19,.74193549
SVN,C20,.85141319
SVN,C21,.74120402
SVN,C22,.753488
SVN,C23,.74888498
SVN,C24,.85627544
SVN,C25,.75311583
SVN,C26,.70621139
SVN,C27,.78165275
SVN,C28,.73275089
SVN,C29,.85546535
SVN,C30,.78753996
SVN,C31_C32,.71486086
SVN,C33,.59366626
SVN,D35,.78230762
SVN,E36,.70428699
SVN,E37-E39,.78289974
SVN,F,.78984582
SVN,G45,.59850645
SVN,G46,.61277539
SVN,G47,.56232291
SVN,H49,.76387465
SVN,H50,.86380601
SVN,H51,.87393701
SVN,H52,.76713526
SVN,H53,.40364188
SVN,I,.63873357
SVN,J58,.65233415
SVN,J59_J60,.69736844
SVN,J61,.78838128
SVN,J62_J63,.51600099
SVN,K64,.58472908
SVN,K65,.62972128
SVN,K66,.57497704
SVN,L68,.78440458
SVN,M69_M70,.56820261
SVN,M71,.71968281
SVN,M72,.46879295
SVN,M73,.78475225
SVN,M74_M75,.45638046
SVN,N,.46630198
SVN,O84,.42739895
SVN,P85,.26107609
SVN,Q,.41785562
SVN,R_S,.63928628
SVN,T,0
SVN,U,
SWE,A01,.78841144
SWE,A02,.51908505
SWE,A03,.74468082
SWE,B,.81722546
SWE,C10-C12,.84392488
SWE,C13-C15,.72065252
SWE,C16,.83713859
SWE,C17,.85639977
SWE,C18,.69246799
SWE,C19,.9853422
SWE,C20,.69713193
SWE,C21,.87986261
SWE,C22,.75073415
SWE,C23,.78045064
SWE,C24,.86976117
SWE,C25,.71338886
SWE,C26,.71413815
SWE,C27,.78138733
SWE,C28,.75952661
SWE,C29,.84015238
SWE,C30,.71030051
SWE,C31_C32,.7196821
SWE,C33,.65753305
SWE,D35,.74531615
SWE,E36,.7584669
SWE,E37-E39,.79531163
SWE,F,.64815438
SWE,G45,.51743001
SWE,G46,.51867419
SWE,G47,.45754477
SWE,H49,.69487679
SWE,H50,.82247603
SWE,H51,.80310392
SWE,H52,.80834866
SWE,H53,
SWE,I,.63224006
SWE,J58,.66786534
SWE,J59_J60,.77927309
SWE,J61,.8495028
SWE,J62_J63,.53577983
SWE,K64,.53835374
SWE,K65,.5607242
SWE,K66,.43044078
SWE,L68,.89743918
SWE,M69_M70,.53218675
SWE,M71,.53900844
SWE,M72,.56760848
SWE,M73,.75376058
SWE,M74_M75,.7121166
SWE,N,.552082
SWE,O84,.52984917
SWE,P85,.37714231
SWE,Q,.33443001
SWE,R_S,.57259399
SWE,T,0
SWE,U,
TUR,A01,.81793004
TUR,A02,.57521081
TUR,A03,.72182655
TUR,B,.63876671
TUR,C10-C12,.92324543
TUR,C13-C15,.88875318
TUR,C16,.91450703
TUR,C17,.88876075
TUR,C18,.82085437
TUR,C19,.97233146
TUR,C20,.86165518
TUR,C21,
TUR,C22,.89263558
TUR,C23,.84402961
TUR,C24,.90769148
TUR,C25,.8776257
TUR,C26,.90272039
TUR,C27,.86533117
TUR,C28,.82446837
TUR,C29,.86864251
TUR,C30,.68934751
TUR,C31_C32,.90671831
TUR,C33,
TUR,D35,.91942281
TUR,E36,.54631317
TUR,E37-E39,.83239478
TUR,F,.83167285
TUR,G45,.8256433
TUR,G46,.77686834
TUR,G47,.8231951
TUR,H49,.84656268
TUR,H50,.83189791
TUR,H51,.90889144
TUR,H52,.834611
TUR,H53,
TUR,I,.82945931
TUR,J58,
TUR,J59_J60,
TUR,J61,.75895888
TUR,J62_J63,.80715686
TUR,K64,.70677418
TUR,K65,.7072134
TUR,K66,.8547684
TUR,L68,.98348433
TUR,M69_M70,
TUR,M71,
TUR,M72,.84705198
TUR,M73,
TUR,M74_M75,.80921876
TUR,N,.85142052
TUR,O84,.42011198
TUR,P85,.25844431
TUR,Q,.65160376
TUR,R_S,.59906846
TUR,T,0
TUR,U,
TWN,A01,.65793312
TWN,A02,.32975978
TWN,A03,.72251242
TWN,B,.70798397
TWN,C10-C12,.88598424
TWN,C13-C15,.79866219
TWN,C16,.79130667
TWN,C17,.86978334
TWN,C18,.69327581
TWN,C19,.97759485
TWN,C20,.96205574
TWN,C21,.81804651
TWN,C22,.81960917
TWN,C23,.84706253
TWN,C24,.94654799
TWN,C25,.78729165
TWN,C26,.86762005
TWN,C27,.83395177
TWN,C28,.82394058
TWN,C29,.87943769
TWN,C30,.84982812
TWN,C31_C32,.80971754
TWN,C33,.7747072
TWN,D35,.88422459
TWN,E36,.69389635
TWN,E37-E39,.65527111
TWN,F,.76920736
TWN,G45,.60231256
TWN,G46,.4480572
TWN,G47,.40969402
TWN,H49,.63392442
TWN,H50,.88172019
TWN,H51,.88240123
TWN,H52,.49900067
TWN,H53,.55783278
TWN,I,.57782096
TWN,J58,.65488672
TWN,J59_J60,.72889507
TWN,J61,.71299243
TWN,J62_J63,.49786723
TWN,K64,.45195958
TWN,K65,.50847352
TWN,K66,.54666525
TWN,L68,.82949692
TWN,M69_M70,.29362109
TWN,M71,.39711589
TWN,M72,.46613324
TWN,M73,.71663195
TWN,M74_M75,.48024797
TWN,N,.37403929
TWN,O84,.36212569
TWN,P85,.20245302
TWN,Q,.41686788
TWN,R_S,.4801245
TWN,T,0
TWN,U,
USA,A01,.89596689
USA,A02,.3970001
USA,A03,.39700016
USA,B,.6810919
USA,C10-C12,.87939006
USA,C13-C15,.76343971
USA,C16,.78183937
USA,C17,.8228516
USA,C18,.64547712
USA,C19,.97285169
USA,C20,.82298386
USA,C21,.82298386
USA,C22,.7882818
USA,C23,.73317134
USA,C24,.87442791
USA,C25,.70937932
USA,C26,.47331032
USA,C27,.68337154
USA,C28,.73287565
USA,C29,.87560338
USA,C30,.74550349
USA,C31_C32,.66509533
USA,C33,.48735449
USA,D35,.64794457
USA,E36,.64794451
USA,E37-E39,.65232682
USA,F,.56152713
USA,G45,.43506941
USA,G46,.52022725
USA,G47,.52052641
USA,H49,.67175531
USA,H50,.86135644
USA,H51,.70633864
USA,H52,.5517692
USA,H53,.5909456
USA,I,.56434816
USA,J58,.5285086
USA,J59_J60,.6878283
USA,J61,.78023934
USA,J62_J63,.4588604
USA,K64,.49327168
USA,K65,.68451107
USA,K66,.51114917
USA,L68,.88420403
USA,M69_M70,.46796846
USA,M71,.50003058
USA,M72,.50003058
USA,M73,.50003058
USA,M74_M75,.50003058
USA,N,.51899898
USA,O84,.39264357
USA,P85,.42505249
USA,Q,.45525065
USA,R_S,.51402092
USA,T,.48735446
USA,U,
